title,link,published,country,source,summary,Combined_Text,Language
小泉農相 高騰コメ対策 “国民が求めるスピード感で結果を”,http://www3.nhk.or.jp/news/html/20250522/k10014813291000.html,"Thu, 22 May 2025 18:12:39 +0900",Japan,NHK,新たに就任した小泉農林水産大臣は22日、農林水産省で訓示し、高騰が続くコメへの対策について「国民が求めているスピード感で結果を出す」と述べ、値下がりに向けて全省挙げて取り組む考えを強調しました。,小泉農相 高騰コメ対策 “国民が求めるスピード感で結果を” 新たに就任した小泉農林水産大臣は22日、農林水産省で訓示し、高騰が続くコメへの対策について「国民が求めているスピード感で結果を出す」と述べ、値下がりに向けて全省挙げて取り組む考えを強調しました。,ja
長野 須坂 長野電鉄3人死傷の事故 金属製パイプの小屋が衝突,http://www3.nhk.or.jp/news/html/20250522/k10014812871000.html,"Thu, 22 May 2025 21:00:38 +0900",Japan,NHK,21日、長野県須坂市で走行中の列車に金属製のパイプでできた小屋が衝突し、3人が死傷した事故で、小屋はトラクターなどを入れるために線路脇の畑に設置されていたものであることが警察などへの取材でわかりました。警察は強風で小屋が飛ばされたとみて詳しく調べています。,長野 須坂 長野電鉄3人死傷の事故 金属製パイプの小屋が衝突 21日、長野県須坂市で走行中の列車に金属製のパイプでできた小屋が衝突し、3人が死傷した事故で、小屋はトラクターなどを入れるために線路脇の畑に設置されていたものであることが警察などへの取材でわかりました。警察は強風で小屋が飛ばされたとみて詳しく調べています。,ja
米議会下院 減税法案を僅差で可決 トランプ政権の“重要政策”,http://www3.nhk.or.jp/news/html/20250522/k10014813881000.html,"Thu, 22 May 2025 21:12:32 +0900",Japan,NHK,アメリカの議会下院はトランプ政権が重要政策の1つとして掲げる減税策を盛り込んだ法案について22日、僅差で可決しました。,米議会下院 減税法案を僅差で可決 トランプ政権の“重要政策” アメリカの議会下院はトランプ政権が重要政策の1つとして掲げる減税策を盛り込んだ法案について22日、僅差で可決しました。,ja
備蓄米「随意契約」とは? 「競争入札」との違いは?,http://www3.nhk.or.jp/news/html/20250522/k10014813171000.html,"Thu, 22 May 2025 19:10:22 +0900",Japan,NHK,「随意契約」とは一般的に価格などの条件を踏まえて発注者が契約先を任意に決めることができる仕組みです。,備蓄米「随意契約」とは? 「競争入札」との違いは? 「随意契約」とは一般的に価格などの条件を踏まえて発注者が契約先を任意に決めることができる仕組みです。,ja
新たなガソリン補助措置22日から まず小売価格5円値下がりへ,http://www3.nhk.or.jp/news/html/20250522/k10014812601000.html,"Thu, 22 May 2025 18:29:51 +0900",Japan,NHK,ガソリン価格を抑えるため、定額で補助する政府の新たな措置が22日から始まりました。まずは全国平均の小売価格が5円値下がりするよう補助し、補助額が10円になるまで段階的に拡大されます。,新たなガソリン補助措置22日から まず小売価格5円値下がりへ ガソリン価格を抑えるため、定額で補助する政府の新たな措置が22日から始まりました。まずは全国平均の小売価格が5円値下がりするよう補助し、補助額が10円になるまで段階的に拡大されます。,ja
赤澤氏24日 関税交渉へ “農相交代 影響出ないよう万全期す”,http://www3.nhk.or.jp/news/html/20250522/k10014812851000.html,"Thu, 22 May 2025 19:37:22 +0900",Japan,NHK,アメリカの関税措置をめぐり赤澤経済再生担当大臣は、日本時間の24日、閣僚交渉に臨む予定です。現地での事務レベルの協議でアメリカ側が関心を示した分野を深掘りし、歩み寄りにつなげたい考えです。また、農林水産大臣が交代した影響が出ないよう、万全を期す考えを示しました。,赤澤氏24日 関税交渉へ “農相交代 影響出ないよう万全期す” アメリカの関税措置をめぐり赤澤経済再生担当大臣は、日本時間の24日、閣僚交渉に臨む予定です。現地での事務レベルの協議でアメリカ側が関心を示した分野を深掘りし、歩み寄りにつなげたい考えです。また、農林水産大臣が交代した影響が出ないよう、万全を期す考えを示しました。,ja
吉本興業のタレント6人が略式起訴 オンラインカジノで賭博の罪,http://www3.nhk.or.jp/news/html/20250522/k10014813651000.html,"Thu, 22 May 2025 19:35:44 +0900",Japan,NHK,オンラインカジノで金を賭けたとして書類送検された吉本興業のタレント6人が22日、賭博の罪で略式起訴されました。,吉本興業のタレント6人が略式起訴 オンラインカジノで賭博の罪 オンラインカジノで金を賭けたとして書類送検された吉本興業のタレント6人が22日、賭博の罪で略式起訴されました。,ja
