title,link,published,country,source,summary,Combined_Text,Language
"Disabilità, a Firenze la Casa del 'Durante e dopo di noi'",https://www.ansa.it/responsabilmente/notizie/comuni_virtuosi/2025/05/21/disabilita-a-firenze-la-casa-del-durante-e-dopo-di-noi_fb6e0228-c2e4-4d9e-ab91-7e925c9f8260.html,"Wed, 21 May 2025 15:55:07 +0200",Italy,ANSA,"Ristrutturato l'ex presidio Asl di Grassina, ospiterà 9 inquilini","Disabilità, a Firenze la Casa del 'Durante e dopo di noi' Ristrutturato l'ex presidio Asl di Grassina, ospiterà 9 inquilini",it
"Google aggiorna Chrome, cambierà da solo le password violate",https://www.ansa.it/canale_tecnologia/notizie/cybersecurity/2025/05/21/google-aggiorna-chrome-cambiera-da-solo-le-password-violate_8c615f3c-fa50-439d-90dc-efa6d9bb8c47.html,"Wed, 21 May 2025 12:03:44 +0200",Italy,ANSA,Alla conferenza I/O la novità del programma di navigazione web,"Google aggiorna Chrome, cambierà da solo le password violate Alla conferenza I/O la novità del programma di navigazione web",it
"""Quelli della notte"" fa 40 anni a La Sapienza",https://www.ansa.it/sito/notizie/cultura/2025/05/21/-quelli-della-notte-fa-40-anni-a-la-sapienza_6b0cb0c3-8397-42d1-a169-11c3140d4db0.html,"Thu, 22 May 2025 11:09:18 +0200",Italy,ANSA,"Arbore, ""non immaginavo un tale successo. Fiorello l'erede""","""Quelli della notte"" fa 40 anni a La Sapienza Arbore, ""non immaginavo un tale successo. Fiorello l'erede""",it
"In Giappone, nel mondo delle arti marziali",https://www.ansa.it/canale_viaggi/notizie/mondo/2025/05/21/in-giappone-nel-mondo-delle-arti-marziali_edad1e0a-2d14-4457-8542-d9fc492497af.html,"Wed, 21 May 2025 18:11:18 +0200",Italy,ANSA,"Da Chiba a Okinawa tra i luoghi iconici di karate, kendo e spada","In Giappone, nel mondo delle arti marziali Da Chiba a Okinawa tra i luoghi iconici di karate, kendo e spada",it
Tra tazze e bevande il tè in Italia vale oltre 600 milioni euro,https://www.ansa.it/canale_terraegusto/notizie/business/2025/05/21/tra-tazze-e-bevande-il-te-in-italia-vale-oltre-600-milioni-euro_2053d34b-522a-436f-9e8b-213b080fa8c3.html,"Wed, 21 May 2025 17:11:50 +0200",Italy,ANSA,"NielsenIQ, infuso tradizionale cresce in volumi (+2,3%) e valore","Tra tazze e bevande il tè in Italia vale oltre 600 milioni euro NielsenIQ, infuso tradizionale cresce in volumi (+2,3%) e valore",it
La Corte Costituzionale: 'Entrambe le madri possono riconoscere il figlio nato con la procreazione assistita',https://www.ansa.it/donne/notizie/2025/05/22/la-madre-intenzionale-puo-riconoscere-il-figlio-nato-con-la-procreazione-assistita_c2f3579e-5b57-4289-ab2d-7ec0474a0cf0.html,"Thu, 22 May 2025 13:13:08 +0200",Italy,ANSA,La sentenza della Consulta: 'Con la legge attuale non è irragionevole il divieto di pma per la donna single',La Corte Costituzionale: 'Entrambe le madri possono riconoscere il figlio nato con la procreazione assistita' La sentenza della Consulta: 'Con la legge attuale non è irragionevole il divieto di pma per la donna single',it
Uccisi due diplomatici israeliani a Washington. Israele accusa: 'Istigazione anche dai leader Ue',https://www.ansa.it/sito/notizie/mondo/2025/05/22/uccisi-due-diplomatici-israeliani-a-washington.-israele-accusa-istigazione-anche-dai_7ddffaff-832a-43f5-b25b-b24a20abc080.html,"Thu, 22 May 2025 13:18:01 +0200",Italy,ANSA,"Agguato all'esterno del Jewish Museum. Arrestato un uomo, è un 30enne di Chicago. Le vittime erano una coppia","Uccisi due diplomatici israeliani a Washington. Israele accusa: 'Istigazione anche dai leader Ue' Agguato all'esterno del Jewish Museum. Arrestato un uomo, è un 30enne di Chicago. Le vittime erano una coppia",it
"Cartello in un negozio a Milano, 'israeliani non benvenuti'",https://www.ansa.it/lombardia/notizie/2025/05/22/cartello-in-un-negozio-a-milano-israeliani-non-benvenuti_19bb4870-395f-41ae-87f1-49723a8e7c2a.html,"Thu, 22 May 2025 12:57:02 +0200",Italy,ANSA,"E' scritto in ebraico, la denuncia in un post","Cartello in un negozio a Milano, 'israeliani non benvenuti' E' scritto in ebraico, la denuncia in un post",it
"Wsj, vertice Russia-Ucraina in Vaticano a metà giugno. Il Cremlino non conferma",https://www.ansa.it/sito/notizie/mondo/2025/05/22/wsj-vertice-russia-ucraina-in-vaticano-a-meta-giugno.-il-cremlino-non-conferma_a5e48953-34d5-401b-92ff-f81a89adc36a.html,"Thu, 22 May 2025 13:27:25 +0200",Italy,ANSA,"Trump a leader Ue, 'Putin non è pronto alla fine della guerra'. Cremlino, 'Trump su Putin non pronto alla pace? Non ci risulta'","Wsj, vertice Russia-Ucraina in Vaticano a metà giugno. Il Cremlino non conferma Trump a leader Ue, 'Putin non è pronto alla fine della guerra'. Cremlino, 'Trump su Putin non pronto alla pace? Non ci risulta'",it
Mattarella: 'Ripensare il rapporto tra umanità e natura',https://www.ansa.it/sito/notizie/politica/2025/05/22/mattarella-ripensare-il-rapporto-tra-umanita-e-natura_ebd0c1b4-a01f-41d6-91c2-964cd27258db.html,"Thu, 22 May 2025 10:42:11 +0200",Italy,ANSA,La coscienza ambientale dei giovani è risorsa essenziale. Il messaggio del capo dello Stato in occasione della Giornata mondiale della Biodiversità.,Mattarella: 'Ripensare il rapporto tra umanità e natura' La coscienza ambientale dei giovani è risorsa essenziale. Il messaggio del capo dello Stato in occasione della Giornata mondiale della Biodiversità.,it
Anp: stiamo lavorando a un incontro con papa Leone,https://www.ansa.it/sito/notizie/mondo/2025/05/22/medio-oriente-anp-stiamo-lavorando-a-un-incontro-con-papa-leone_9142cad3-9712-4fb5-b4cb-308489db5e79.html,"Thu, 22 May 2025 11:39:43 +0200",Italy,ANSA,"'Pronti a intesa con Israele, anche per Stato unico'. Wafa: 'Decine tra morti e feriti nei raid Idf di oggi'","Anp: stiamo lavorando a un incontro con papa Leone 'Pronti a intesa con Israele, anche per Stato unico'. Wafa: 'Decine tra morti e feriti nei raid Idf di oggi'",it
"Donna morta e altra ferita, forse tentato omicidio-suicidio",https://www.ansa.it/sito/notizie/cronaca/2025/05/22/donna-morta-e-altra-ferita-forse-tentato-omicidio-suicidio_19813a64-98ff-4d8c-bd77-9e01d2aee4e2.html,"Thu, 22 May 2025 10:24:35 +0200",Italy,ANSA,Duplice ritrovamento a Napoli: in corso indagini dei carabinieri,"Donna morta e altra ferita, forse tentato omicidio-suicidio Duplice ritrovamento a Napoli: in corso indagini dei carabinieri",it
"Garlasco, 'sul muro vicino al corpo 6 impronte ancora ignote'",https://www.ansa.it/lombardia/notizie/2025/05/22/garlasco-sul-muro-vicino-al-corpo-6-impronte-ancora-ignote-_a78f17d2-4117-4309-a102-f51733d42f62.html,"Thu, 22 May 2025 13:06:13 +0200",Italy,ANSA,"Consulenti: 'Cinque sulla porta d'ingresso, anche di una presunta mano sporca'","Garlasco, 'sul muro vicino al corpo 6 impronte ancora ignote' Consulenti: 'Cinque sulla porta d'ingresso, anche di una presunta mano sporca'",it
"Garlasco, l'impronta di Sempio e gli appunti nella spazzatura riaprono il caso",https://www.ansa.it/sito/videogallery/italia/2025/05/22/garlasco-limpronta-di-sempio-e-gli-appunti-nella-spazzatura-riaprono-il-caso_7422800b-165b-4704-b9ec-9d423e550e70.html,"Thu, 22 May 2025 13:48:12 +0200",Italy,ANSA,Novita' emerse grazie alla consulenza disposta dalla Procura di Pavia,"Garlasco, l'impronta di Sempio e gli appunti nella spazzatura riaprono il caso Novita' emerse grazie alla consulenza disposta dalla Procura di Pavia",it
E' vero che l'Alzheimer si potrà diagnosticare precocemente?,https://www.ansa.it/sito/podcast/ansa_verified/2025/05/22/e-vero-che-lalzheimer-si-potra-diagnosticare-precocemente_0a336fd9-0b70-46ce-bc84-c54d562e364d.html,"Thu, 22 May 2025 13:23:30 +0200",Italy,ANSA,,E' vero che l'Alzheimer si potrà diagnosticare precocemente? ,it
"Indagata la madre di Denisa, donna scomparsa a Prato",https://www.ansa.it/toscana/notizie/2025/05/22/indagata-la-madre-di-denisa-donna-scomparsa-a-prato_99307adf-6ae4-414b-8a63-de9a1691f79b.html,"Thu, 22 May 2025 12:16:56 +0200",Italy,ANSA,Avrebbe fornito false informazioni al pm,"Indagata la madre di Denisa, donna scomparsa a Prato Avrebbe fornito false informazioni al pm",it
"Ok del Pe a nuovi dazi agricoli a Mosca. Cremlino, 'dazi agrari? La Ue si dà la zappa sui piedi'",https://www.ansa.it/sito/notizie/mondo/europa/2025/05/22/ok-del-pe-a-nuovi-dazi-agricoli-a-mosca.-cremlino-dazi-agrari-la-ue-si-da-la-zappa-sui_397bf846-132b-4b5f-8868-203a2449f356.html,"Thu, 22 May 2025 12:56:45 +0200",Italy,ANSA,Via libera dall'Eurocamera alla proposta della Commissione di aumentare del 50% i dazi Ue sui prodotti agricoli di origine russa e bielorussa ancora non soggetti a dazi doganali aggiuntivi,"Ok del Pe a nuovi dazi agricoli a Mosca. Cremlino, 'dazi agrari? La Ue si dà la zappa sui piedi' Via libera dall'Eurocamera alla proposta della Commissione di aumentare del 50% i dazi Ue sui prodotti agricoli di origine russa e bielorussa ancora non soggetti a dazi doganali aggiuntivi",it
"Trovati resti in strada a Parma, si ipotizza un feto",https://www.ansa.it/emiliaromagna/notizie/2025/05/22/trovati-resti-in-strada-a-parma-si-ipotizza-un-feto_de72fde3-e814-4b9d-812a-a17d97caad4b.html,"Thu, 22 May 2025 13:52:39 +0200",Italy,ANSA,Una donna ha dato l'allarme da un'area verde,"Trovati resti in strada a Parma, si ipotizza un feto Una donna ha dato l'allarme da un'area verde",it
"Maltempo, a Milano Seveso e Lambro sul livello di attenzione",https://www.ansa.it/lombardia/notizie/2025/05/22/maltempo-a-milano-seveso-e-lambro-sul-livello-di-attenzione_86a9f16f-c9cf-44dd-bd8e-af074dac276a.html,"Thu, 22 May 2025 12:25:07 +0200",Italy,ANSA,"'Situazione di forte criticità. Strade chiuse per allagamenti, caduti 70 millimetri di pioggia'","Maltempo, a Milano Seveso e Lambro sul livello di attenzione 'Situazione di forte criticità. Strade chiuse per allagamenti, caduti 70 millimetri di pioggia'",it
Ogni anno 200 nuove specie aliene minacciano gli ecosistemi,https://www.ansa.it/ansa2030/notizie/green_blue/2025/05/22/ogni-anno-200-nuove-specie-aliene-minacciano-gli-ecosistemi_4f3f8a4f-004f-4abc-9956-30b545dbecd4.html,"Thu, 22 May 2025 10:38:03 +0200",Italy,ANSA,I consorzi di bonifica impegnati nell'azione di contrasto. Oggi la Giornata mondiale della biodiversità - LO SPECIALE,Ogni anno 200 nuove specie aliene minacciano gli ecosistemi I consorzi di bonifica impegnati nell'azione di contrasto. Oggi la Giornata mondiale della biodiversità - LO SPECIALE,it
Acceso in Italia il primo computer quantistico on demand,https://www.ansa.it/canale_scienza/notizie/ricerca_istituzioni/2025/05/22/acceso-in-italia-il-primo-computer-quantistico-on-demand_401c9806-9c8f-43d1-a1d3-973002c2e49c.html,"Thu, 22 May 2025 11:32:14 +0200",Italy,ANSA,"A Torino, a disposizione di industria, ricerca e università","Acceso in Italia il primo computer quantistico on demand A Torino, a disposizione di industria, ricerca e università",it
Nel 2030 salute a rischio per un miliardo di adolescenti,https://www.ansa.it/canale_saluteebenessere/notizie/sanita/2025/05/21/nel-2030-salute-a-rischio-per-un-miliardo-di-adolescenti_df23f5fe-96a1-4a7b-9ef1-666dd439e263.html,"Wed, 21 May 2025 18:37:03 +0200",Italy,ANSA,"Allarme di The Lancet, rischi da obesità, salute mentale e clima","Nel 2030 salute a rischio per un miliardo di adolescenti Allarme di The Lancet, rischi da obesità, salute mentale e clima",it
Contro solitudine e ansia ragazzi reclamano spazi comuni,https://www.ansa.it/canale_lifestyle/notizie/teen/2025/05/20/contro-solitudine-e-ansia-ragazzi-reclamano-spazi-comuni_0ac2aa21-4957-41a2-96f5-384189c7976e.html,"Wed, 21 May 2025 19:46:37 +0200",Italy,ANSA,"Mancano luoghi di aggregazione, denuncia la community Scomodo","Contro solitudine e ansia ragazzi reclamano spazi comuni Mancano luoghi di aggregazione, denuncia la community Scomodo",it
"L'Italia invecchia e rallenta, gli over 80 sono piu' dei bambini",https://www.ansa.it/sito/videogallery/economia/2025/05/21/litalia-invecchia-e-rallenta-gli-over-80-sono-piu-dei-bambini_f954d073-029a-4c3b-81ad-25d0d0205512.html,"Thu, 22 May 2025 11:01:46 +0200",Italy,ANSA,"Rapporto Istat: giu' produttivita' e salari reali, un quarto della popolazione a rischio poverta'","L'Italia invecchia e rallenta, gli over 80 sono piu' dei bambini Rapporto Istat: giu' produttivita' e salari reali, un quarto della popolazione a rischio poverta'",it
"Cannes, Julian Assange e la moglie Stella sul red carpet",https://www.ansa.it/sito/videogallery/spettacolo/2025/05/21/cannes-julian-assange-e-la-moglie-stella-sul-red-carpet_a2d2ba8a-b6ab-4a78-8151-290ff03a3f51.html,"Thu, 22 May 2025 11:10:05 +0200",Italy,ANSA,"Per ""The Six Billion Dollar Man"", film fuori concorso diretto da Eugene Jarecki","Cannes, Julian Assange e la moglie Stella sul red carpet Per ""The Six Billion Dollar Man"", film fuori concorso diretto da Eugene Jarecki",it
"Ciao Nino, l'ultimo saluto alla leggenda del pugilato",https://www.ansa.it/sito/notizie/sport/altrisport/2025/05/22/ciao-nino-lultimo-saluto-alla-leggenda-del-pugilato-_29273bc2-5034-4c48-817a-0da4a0ec7096.html,"Thu, 22 May 2025 13:56:41 +0200",Italy,ANSA,Sportivi e istituzioni riuniti per Benvenuti. Fpi 'lo onoreremo',"Ciao Nino, l'ultimo saluto alla leggenda del pugilato Sportivi e istituzioni riuniti per Benvenuti. Fpi 'lo onoreremo'",it
"La guerra dei dazi e le strategie dell'Ue, oggi il forum ANSA",https://www.ansa.it/europa/notizie/rubriche/altrenews/2025/05/21/leuropa-tra-i-due-fuochi-nella-guerra-dei-dazi.-segui-la-diretta_e72eb792-e29e-4d83-93e0-0cc722fa1f41.html,"Thu, 22 May 2025 14:06:42 +0200",Italy,ANSA,"Il dibattito con gli eurodeputati Bonaccini, Gozi e Polato","La guerra dei dazi e le strategie dell'Ue, oggi il forum ANSA Il dibattito con gli eurodeputati Bonaccini, Gozi e Polato",it
"Sviluppo sostenibile, torna ""Voci sul futuro"" di ANSA e ASviS",https://www.ansa.it/sito/notizie/eventi/2025/05/13/sviluppo-sostenibile-torna-voci-sul-futuro-di-ansa-e-asvis_2a5d01b3-9ed5-4980-97f6-d170377f503e.html,"Thu, 22 May 2025 08:57:16 +0200",Italy,ANSA,Al via la quinta edizione degli appuntamenti in streaming,"Sviluppo sostenibile, torna ""Voci sul futuro"" di ANSA e ASviS Al via la quinta edizione degli appuntamenti in streaming",it
